{
    "step": 4896,
    "eval_accuracy": 0.8510067462921143,
    "eval_balanced_accuracy": 0.727375328540802,
    "eval_balanced_loss": 1.274827480316162,
    "eval_loss": 0.8965845108032227
}