{
    "step": 7056,
    "eval_accuracy": 0.8456376194953918,
    "eval_balanced_accuracy": 0.707204282283783,
    "eval_balanced_loss": 1.276462435722351,
    "eval_loss": 0.9107752442359924
}