{
    "step": 4464,
    "eval_accuracy": 0.7744966745376587,
    "eval_balanced_accuracy": 0.5837065577507019,
    "eval_balanced_loss": 3.2427141666412354,
    "eval_loss": 1.7436522245407104
}