{
    "step": 4968,
    "eval_accuracy": 0.9369127750396729,
    "eval_balanced_accuracy": 0.8362001776695251,
    "eval_balanced_loss": 0.6254732608795166,
    "eval_loss": 0.3486708104610443
}