{
    "step": 5760,
    "eval_accuracy": 0.8375838994979858,
    "eval_balanced_accuracy": 0.7001506686210632,
    "eval_balanced_loss": 1.2876029014587402,
    "eval_loss": 0.8986200094223022
}