{
    "step": 6984,
    "eval_accuracy": 0.7275168299674988,
    "eval_balanced_accuracy": 0.5741028189659119,
    "eval_balanced_loss": 2.4787726402282715,
    "eval_loss": 1.7124416828155518
}