{
    "step": 5688,
    "eval_accuracy": 0.8456376194953918,
    "eval_balanced_accuracy": 0.7100818157196045,
    "eval_balanced_loss": 1.2547510862350464,
    "eval_loss": 0.9100767970085144
}