{
    "step": 2952,
    "eval_accuracy": 0.7865772247314453,
    "eval_balanced_accuracy": 0.6359554529190063,
    "eval_balanced_loss": 1.8744734525680542,
    "eval_loss": 1.2090437412261963
}